{
    "buttons": [
        {
            "label": "Quit",
            "position": {
                "x": 319.6666564941406,
                "y": 277.0
            }
        },
        {
            "label": "CONTINUE",
            "position": {
                "x": 321.0,
                "y": 247.3333282470703
            }
        }
    ]
}